<?xml version='1.0' encoding='utf-8'?>
<!DOCTYPE hibernate-configuration PUBLIC
        "-//Hibernate/Hibernate Configuration DTD 3.0//EN"
        "http://hibernate.sourceforge.net/hibernate-configuration-3.0.dtd">

<hibernate-configuration>

    <session-factory>

        <!-- Database connection settings -->
        <property name="connection.driver_class">com.mysql.jdbc.Driver</property>
        <property name="connection.url">jdbc:mysql://localhost:3306/student</property>
        <property name="connection.username">root</property>
        <property name="connection.password">1234</property>

        <!-- JDBC connection pool (use the built-in) -->
        <property name="connection.pool_size">10</property>

        <!-- SQL dialect -->
        <property name="dialect">org.hibernate.dialect.MySQLDialect</property>

        <property name="hibernate.hbm2ddl.auto">update</property>
        <!-- Echo all executed SQL to stdout -->
        <property name="show_sql">false</property>

        <!-- Enable Hibernate's current session context -->
        <property name="current_session_context_class">thread</property>

        <!-- Disable the second-level cache  -->
        <property name="cache.provider_class">org.hibernate.cache.NoCacheProvider</property>
        </session-factory>

</hibernate-configuration>

